Название;Родитель;Индекс;"Является городом?";"ID по КЛАДР"
Россия;;;0;0
"Мурманская область";Россия;;0;0
Мордовия;Россия;;0;0
Чувашия;Россия;;0;0
"Оренбургская область";Россия;;0;0
"Свердловская область";Россия;;0;0
"Новгородская область";Россия;;0;0
Башкортостан;Россия;;0;0
"Астраханская область";Россия;;0;0
"Орловская область";Россия;;0;0
"Пермский край";Россия;;0;0
"Саха (Якутия)";Россия;;0;0
"Северная Осетия";Россия;;0;0
Татарстан;Россия;;0;0
"Тверская область";Россия;;0;0
"Тульская область";Россия;;0;0
"Псковская область";Россия;;0;0
Чечня;Россия;;0;0
"Усть-Ордынский Бурятский АО";Россия;;0;0
"Смоленская область";Россия;;0;0
Удмуртия;Россия;;0;0
"Иркутская область";Россия;;0;0
"Липецкая область";Россия;;0;0
"Курская область";Россия;;0;0
"Курганская область";Россия;;0;0
"Самарская область";Россия;;0;0
"Кемеровская область";Россия;;0;0
Карачаево-Черкессия;Россия;;0;0
"Калининградская область";Россия;;0;0
"Красноярский край";Россия;;0;0
Дагестан;Россия;;0;0
"Воронежская область";Россия;;0;0
"Московская область";Россия;;0;0
Москва;Россия;;0;0
Крым;Россия;;0;0
"Ярославская область";Россия;;0;0
"Ростовская область";Россия;;0;0
"Нижегородская область";Россия;;0;0
"Ненецкий АО";Россия;;0;0
"Омская область";Россия;;0;0
"Новосибирская область";Россия;;0;0
"Белгородская область";Россия;;0;0
"Пензенская область";Россия;;0;0
"Сахалинская область";Россия;;0;0
"Ульяновская область";Россия;;0;0
"Ханты-Мансийский АО";Россия;;0;0
Хакасия;Россия;;0;0
"Томская область";Россия;;0;0
"Тыва (Тува)";Россия;;0;0
"Челябинская область";Россия;;0;0
"Хабаровский край";Россия;;0;0
"Тамбовская область";Россия;;0;0
"Ставропольский край";Россия;;0;0
"Тюменская область";Россия;;0;0
"Приморский край";Россия;;0;0
Ингушетия;Россия;;0;0
"Ямало-Ненецкий АО";Россия;;0;0
Коми;Россия;;0;0
"Магаданская область";Россия;;0;0
"Ленинградская область";Россия;;0;0
"Рязанская область";Россия;;0;0
"Кировская область";Россия;;0;0
Кабардино-Балкария;Россия;;0;0
"Забайкальский край";Россия;;0;0
Карелия;Россия;;0;0
"Камчатский край";Россия;;0;0
"Калужская область";Россия;;0;0
Калмыкия;Россия;;0;0
"Саратовская область";Россия;;0;0
"Чукотский АО";Россия;;0;0
"Ивановская область";Россия;;0;0
"Брянская область";Россия;;0;0
Адыгея;Россия;;0;0
Алтай;Россия;;0;0
"Амурская область";Россия;;0;0
"Архангельская область";Россия;;0;0
"Краснодарский край";Россия;;0;0
"Еврейская АО";Россия;;0;0
"Алтайский край";Россия;;0;0
"Вологодская область";Россия;;0;0
"Волгоградская область";Россия;;0;0
"Владимирская область";Россия;;0;0
Бурятия;Россия;;0;0
Марий-Эл;Россия;;0;0
"Костромская область";Россия;;0;0
Буй;"Россия/Костромская область";157000;1;4400300100000
Волгореченск;"Россия/Костромская область";156901;1;4400000200000
Галич;"Россия/Костромская область";;1;4400500100000
Кологрив;"Россия/Костромская область";157440;1;4400700100000
Кострома;"Россия/Костромская область";156000;1;4400000300000
Макарьев;"Россия/Костромская область";157461;1;4400900100000
Мантурово;"Россия/Костромская область";157300;1;4401000100000
Нерехта;"Россия/Костромская область";157800;1;4401300100000
Нея;"Россия/Костромская область";157330;1;4401200100000
Солигалич;"Россия/Костромская область";157170;1;4402000100000
Чухлома;"Россия/Костромская область";157130;1;4402300100000
Шарья;"Россия/Костромская область";157500;1;4402400100000
Апрелевка;"Россия/Московская область";143362;1;5002000200000
Балашиха;"Россия/Московская область";143900;1;5000003600000
Бронницы;"Россия/Московская область";140170;1;5000000200000
Верея;"Россия/Московская область";143330;1;5002000300000
Видное;"Россия/Московская область";142700;1;5001400100000
Волоколамск;"Россия/Московская область";143600;1;5000300100000
Воскресенск;"Россия/Московская область";140200;1;5000400100000
Высоковск;"Россия/Московская область";141650;1;5001100200000
Голицыно;"Россия/Московская область";143040;1;5002200300000
Дедовск;"Россия/Московская область";143530;1;5000900200000
Дзержинский;"Россия/Московская область";140090;1;5000002300000
Дмитров;"Россия/Московская область";141800;1;5000006100000
Долгопрудный;"Россия/Московская область";141700;1;5000002900000
Домодедово;"Россия/Московская область";142000;1;5000000100000
Дрезна;"Россия/Московская область";142660;1;5002400200000
Дубна;"Россия/Московская область";141980;1;5000000300000
Егорьевск;"Россия/Московская область";140300;1;5000003900000
Жуковский;"Россия/Московская область";140180;1;5000000500000
Зарайск;"Россия/Московская область";140600;1;5000004600000
Звенигород;"Россия/Московская область";143180;1;5000000600000
Ивантеевка;"Россия/Московская область";141280;1;5000000700000
Истра;"Россия/Московская область";143500;1;5000005700000
Кашира;"Россия/Московская область";142900;1;5000003800000
Климовск;"Россия/Московская область";142180;1;5000000800000
Клин;"Россия/Московская область";141600;1;5000005500000
Коломна;"Россия/Московская область";140400;1;5000002700000
Королев;"Россия/Московская область";141071;1;5000000900000
Котельники;"Россия/Московская область";140054;1;5000003200000
Красноармейск;"Россия/Московская область";141290;1;5000001000000
Красногорск;"Россия/Московская область";143401;1;5000004900000
Краснозаводск;"Россия/Московская область";141321;1;5003000200000
Кубинка;"Россия/Московская область";143070;1;5002200400000
Куровское;"Россия/Московская область";142620;1;5002400300000
Ликино-Дулево;"Россия/Московская область";142672;1;5000005800000
Лобня;"Россия/Московская область";141730;1;5000001200000
Лосино-Петровский;"Россия/Московская область";141150;1;5000003100000
Луховицы;"Россия/Московская область";140500;1;5000004800000
Лыткарино;"Россия/Московская область";140080;1;5000001300000
Люберцы;"Россия/Московская область";140000;1;5000005000000
Можайск;"Россия/Московская область";143204;1;5000005600000
Москва;"Россия/Московская область";101000;1;7700000000000
Мытищи;"Россия/Московская область";141000;1;5000004400000
Наро-Фоминск;"Россия/Московская область";143300;1;5000005200000
Ногинск;"Россия/Московская область";142400;1;5000006000000
Одинцово;"Россия/Московская область";143000;1;5002200100000
Озеры;"Россия/Московская область";140560;1;5000004000000
Орехово-Зуево;"Россия/Московская область";142600;1;5000002600000
"Павловский Посад";"Россия/Московская область";142500;1;5000004700000
Пересвет;"Россия/Московская область";141320;1;5003000400000
Подольск;"Россия/Московская область";142100;1;5000002400000
Протвино;"Россия/Московская область";142280;1;5000001400000
Пушкино;"Россия/Московская область";141200;1;5002700100000
Пущино;"Россия/Московская область";142290;1;5000001500000
Раменское;"Россия/Московская область";140100;1;5002800100000
Реутов;"Россия/Московская область";143960;1;5000001600000
Рошаль;"Россия/Московская область";140730;1;5000001700000
Руза;"Россия/Московская область";143100;1;5000004500000
"Сергиев Посад";"Россия/Московская область";141300;1;5003000500000
"Сергиев Посад-7";"Россия/Московская область";141315;1;5003000600000
Серпухов;"Россия/Московская область";142200;1;5000002800000
Солнечногорск;"Россия/Московская область";141501;1;5003300100000
Солнечногорск-2;"Россия/Московская область";141502;1;5003300400000
Солнечногорск-25;"Россия/Московская область";141501;1;5003300400000
Солнечногорск-30;"Россия/Московская область";141504;1;5003300500000
Солнечногорск-7;"Россия/Московская область";141507;1;5003300300000
"Старая Купавна";"Россия/Московская область";142450;1;5002100400000
Ступино;"Россия/Московская область";142800;1;5000005400000
Талдом;"Россия/Московская область";141900;1;5000005900000
Фрязино;"Россия/Московская область";141190;1;5000001900000
Химки;"Россия/Московская область";141400;1;5000003000000
Хотьково;"Россия/Московская область";141372;1;5003000300000
Черноголовка;"Россия/Московская область";142432;1;5000003500000
Чехов;"Россия/Московская область";142300;1;5003700100051
Чехов-2;"Россия/Московская область";142302;1;5003700200000
Чехов-3;"Россия/Московская область";142303;1;5003700300000
Чехов-8;"Россия/Московская область";142302;1;5003700500000
Шатура;"Россия/Московская область";140700;1;5000005100000
Щелково;"Россия/Московская область";141100;1;5004000100000
Электрогорск;"Россия/Московская область";142530;1;5000003300000
Электросталь;"Россия/Московская область";144000;1;5000002100000
Электроугли;"Россия/Московская область";142455;1;5002100200000
Яхрома;"Россия/Московская область";141840;1;5000500200000
Волжск;Россия/Марий-Эл;425000;1;1200000200000
Звенигово;Россия/Марий-Эл;425060;1;1200400100000
Йошкар-Ола;Россия/Марий-Эл;424000;1;1200000100000
Козьмодемьянск;Россия/Марий-Эл;425350;1;1200000300000
Бабушкин;Россия/Бурятия;671950;1;0300900200000
Гусиноозерск;Россия/Бурятия;671160;1;0301800100000
Закаменск;Россия/Бурятия;671950;1;0300700100000
Кяхта;Россия/Бурятия;446722;1;0301200100000
Северобайкальск;Россия/Бурятия;671700;1;0300000200000
Улан-Удэ;Россия/Бурятия;670000;1;0300000100000
Александров;"Россия/Владимирская область";347233;1;3300200100000
Владимир;"Россия/Владимирская область";600000;1;3300000100000
Вязники;"Россия/Владимирская область";601440;1;3300300100000
Гороховец;"Россия/Владимирская область";601480;1;3300400100000
Гусь-Хрустальный;"Россия/Владимирская область";601500;1;3300000300000
Камешково;"Россия/Владимирская область";601301;1;3300600100000
Карабаново;"Россия/Владимирская область";601640;1;3300200200000
Киржач;"Россия/Владимирская область";601010;1;3300700100000
Ковров;"Россия/Владимирская область";601900;1;3300000400000
Кольчугино;"Россия/Владимирская область";297551;1;3300900100000
Костерево;"Россия/Владимирская область";601110;1;3301200200000
Курлово;"Россия/Владимирская область";601570;1;3300500200000
Лакинск;"Россия/Владимирская область";601240;1;3301400200000
Меленки;"Россия/Владимирская область";602100;1;3301000100000
Муром;"Россия/Владимирская область";309257;1;3300000500000
Петушки;"Россия/Владимирская область";601144;1;3301200100000
Покров;"Россия/Владимирская область";601120;1;3301200300000
Радужный;"Россия/Владимирская область";600910;1;3300000200000
Собинка;"Россия/Владимирская область";601204;1;3301400100000
Струнино;"Россия/Владимирская область";601670;1;3300200300000
Судогда;"Россия/Владимирская область";601351;1;3301500100000
Суздаль;"Россия/Владимирская область";601293;1;3301600100000
Юрьев-Польский;"Россия/Владимирская область";601800;1;3301700100000
Волгоград;"Россия/Волгоградская область";400000;1;3400000100000
Волжский;"Россия/Волгоградская область";404100;1;3400000200000
Дубовка;"Россия/Волгоградская область";356210;1;3400600100000
Жирновск;"Россия/Волгоградская область";403790;1;3400800100000
Калач-на-Дону;"Россия/Волгоградская область";404500;1;3401000100000
Камышин;"Россия/Волгоградская область";403870;1;3400000300000
Котельниково;"Россия/Волгоградская область";404350;1;3401400100000
Котово;"Россия/Волгоградская область";403805;1;3401500100000
Краснослободск;"Россия/Волгоградская область";404160;1;3402800200000
Ленинск;"Россия/Волгоградская область";404620;1;3401700100000
Михайловка;"Россия/Волгоградская область";161306;1;3400000400000
Николаевск;"Россия/Волгоградская область";404030;1;3402000100000
Новоаннинский;"Россия/Волгоградская область";403950;1;3402100100000
Палласовка;"Россия/Волгоградская область";404260;1;3402400100000
"Петров Вал";"Россия/Волгоградская область";403840;1;3401100200000
Серафимович;"Россия/Волгоградская область";403440;1;3402700100000
Суровикино;"Россия/Волгоградская область";404415;1;3403000100000
Урюпинск;"Россия/Волгоградская область";403110;1;3400000500000
Фролово;"Россия/Волгоградская область";403531;1;3400000600000
Бабаево;"Россия/Вологодская область";162483;1;3500200100000
Белозерск;"Россия/Вологодская область";161201;1;3500400100000
"Великий Устюг";"Россия/Вологодская область";162390;1;3500600100000
Вологда;"Россия/Вологодская область";160000;1;3500000100000
Вытегра;"Россия/Вологодская область";162900;1;3500900100000
Грязовец;"Россия/Вологодская область";162000;1;3501000100000
Кадников;"Россия/Вологодская область";162107;1;3501700200000
Кириллов;"Россия/Вологодская область";161101;1;3501200100000
Красавино;"Россия/Вологодская область";161390;1;3500600200000
Никольск;"Россия/Вологодская область";161440;1;3501500100000
Сокол;"Россия/Вологодская область";162130;1;3501700100000
Тотьма;"Россия/Вологодская область";161300;1;3502000100000
Устюжна;"Россия/Вологодская область";162840;1;3502200100000
Харовск;"Россия/Вологодская область";162250;1;3502300100000
Череповец;"Россия/Вологодская область";162600;1;3500000200000
Бобров;"Россия/Воронежская область";397700;1;3600300100000
Богучар;"Россия/Воронежская область";396790;1;3600400100000
Борисоглебск;"Россия/Воронежская область";397160;1;3600500100000
Бутурлиновка;"Россия/Воронежская область";397500;1;3600600100000
Воронеж;"Россия/Воронежская область";394000;1;3600000100000
Калач;"Россия/Воронежская область";397600;1;3601100100000
Лиски;"Россия/Воронежская область";397900;1;3601500100000
Нововоронеж;"Россия/Воронежская область";396070;1;3600000300000
Новохоперск;"Россия/Воронежская область";397400;1;3601800100000
Острогожск;"Россия/Воронежская область";397850;1;3602000100000
Павловск;"Россия/Воронежская область";196620;1;3602100100000
Поворино;"Россия/Воронежская область";397350;1;3602400100000
Россошь;"Россия/Воронежская область";346073;1;3602800100000
Семилуки;"Россия/Воронежская область";396900;1;3602900100000
Эртиль;"Россия/Воронежская область";397030;1;3603300100000
Алейск;"Россия/Алтайский край";658130;1;2200000200000
Барнаул;"Россия/Алтайский край";656000;1;2200000100000
Белокуриха;"Россия/Алтайский край";659900;1;2200000300000
Бийск;"Россия/Алтайский край";659300;1;2200000400000
Горняк;"Россия/Алтайский край";658423;1;2202700100000
Заринск;"Россия/Алтайский край";659100;1;2200001100000
Змеиногорск;"Россия/Алтайский край";658480;1;2201500100000
Камень-на-Оби;"Россия/Алтайский край";658700;1;2201800100000
Новоалтайск;"Россия/Алтайский край";658091;1;2200000800000
Рубцовск;"Россия/Алтайский край";658200;1;2200000900000
Славгород;"Россия/Алтайский край";658820;1;2200001000000
Яровое;"Россия/Алтайский край";627227;1;2200001200000
Буйнакск;Россия/Дагестан;368220;1;0500001000000
"Дагестанские Огни";Россия/Дагестан;368670;1;0500000200000
Дербент;Россия/Дагестан;368607;1;0500000600000
Избербаш;Россия/Дагестан;368500;1;0500000300000
Каспийск;Россия/Дагестан;368300;1;0500000400000
Кизилюрт;Россия/Дагестан;368120;1;0500000700000
Кизляр;Россия/Дагестан;363709;1;0500000800000
Махачкала;Россия/Дагестан;367000;1;0500000100000
Хасавюрт;Россия/Дагестан;368000;1;0500000900000
Южно-Сухокумск;Россия/Дагестан;368890;1;0500000500000
Биробиджан;"Россия/Еврейская АО";679000;1;7900000100000
Облучье;"Россия/Еврейская АО";679100;1;7900300100000
Абинск;"Россия/Краснодарский край";353320;1;2300200100000
Анапа;"Россия/Краснодарский край";353457;1;2300300100000
Апшеронск;"Россия/Краснодарский край";352690;1;2300400100000
Армавир;"Россия/Краснодарский край";352900;1;2300000200000
Белореченск;"Россия/Краснодарский край";352635;1;2300600100000
Геленджик;"Россия/Краснодарский край";353460;1;2300000300000
"Горячий Ключ";"Россия/Краснодарский край";353290;1;2300000400000
Гулькевичи;"Россия/Краснодарский край";352190;1;2300900100000
Ейск;"Россия/Краснодарский край";353680;1;2301100100000
Кореновск;"Россия/Краснодарский край";353182;1;2301500100000
Краснодар;"Россия/Краснодарский край";350000;1;2300000100000
Кропоткин;"Россия/Краснодарский край";352380;1;2301200100000
Крымск;"Россия/Краснодарский край";353389;1;2301800100000
Курганинск;"Россия/Краснодарский край";352430;1;2301900100000
Лабинск;"Россия/Краснодарский край";352500;1;2302100100000
Новокубанск;"Россия/Краснодарский край";352240;1;2302400100000
Новороссийск;"Россия/Краснодарский край";353900;1;2300000600000
Приморско-Ахтарск;"Россия/Краснодарский край";353861;1;2302800100000
Славянск-на-Кубани;"Россия/Краснодарский край";353560;1;2303000100000
Сочи;"Россия/Краснодарский край";354000;1;2300000700000
Темрюк;"Россия/Краснодарский край";353500;1;2303300100000
Тимашевск;"Россия/Краснодарский край";352700;1;2303400100000
Тихорецк;"Россия/Краснодарский край";352120;1;2303500100000
Туапсе;"Россия/Краснодарский край";352800;1;2303600100000
Усть-Лабинск;"Россия/Краснодарский край";352330;1;2303800100000
Хадыженск;"Россия/Краснодарский край";352681;1;2300400200000
Артемовск;"Россия/Красноярский край";662951;1;2402400200000
Ачинск;"Россия/Красноярский край";662150;1;2400001200000
Боготол;"Россия/Красноярский край";662060;1;2400001300000
Бородино;"Россия/Красноярский край";663980;1;2400000200000
Дивногорск;"Россия/Красноярский край";663090;1;2400000300000
Дудинка;"Россия/Красноярский край";647000;1;2404800100000
Енисейск;"Россия/Красноярский край";663180;1;2400001400000
Железногорск;"Россия/Красноярский край";307170;1;2400000400000
Заозерный;"Россия/Красноярский край";663960;1;2403301500000
Зеленогорск;"Россия/Красноярский край";663694;1;2400000500000
Игарка;"Россия/Красноярский край";663200;1;2403801700000
Иланский;"Россия/Красноярский край";663800;1;2401600100000
Канск;"Россия/Красноярский край";663600;1;2400001600000
Кодинск;"Россия/Красноярский край";663491;1;2402100100000
Красноярск;"Россия/Красноярский край";660000;1;2400000100000
Лесосибирск;"Россия/Красноярский край";662540;1;2400000800000
Минусинск;"Россия/Красноярский край";662600;1;2400001700000
Назарово;"Россия/Красноярский край";662206;1;2400001800000
Норильск;"Россия/Красноярский край";663300;1;2400000900000
Сосновоборск;"Россия/Красноярский край";442570;1;2400001000000
Ужур;"Россия/Красноярский край";662250;1;2404000100000
Уяр;"Россия/Красноярский край";663920;1;2404100100000
Шарыпово;"Россия/Красноярский край";662310;1;2400001900000
Архангельск;"Россия/Архангельская область";163000;1;2900000100000
Вельск;"Россия/Архангельская область";165151;1;2900200100000
Каргополь;"Россия/Архангельская область";164110;1;2900600100000
Коряжма;"Россия/Архангельская область";165650;1;2900000500000
Котлас;"Россия/Архангельская область";165300;1;2900800100000
Мезень;"Россия/Архангельская область";164750;1;2901200100000
Мирный;"Россия/Архангельская область";162236;1;2900000200000
Новодвинск;"Россия/Архангельская область";164900;1;2900000300000
Няндома;"Россия/Архангельская область";164200;1;2901300100000
Онега;"Россия/Архангельская область";164844;1;2901400100000
Северодвинск;"Россия/Архангельская область";164500;1;2900000400000
Сольвычегодск;"Россия/Архангельская область";165330;1;2900800300000
Шенкурск;"Россия/Архангельская область";165160;1;2901900100000
Белогорск;"Россия/Амурская область";676853;1;2800000300000
Благовещенск;"Россия/Амурская область";675000;1;2800000100000
Завитинск;"Россия/Амурская область";676471;1;2800500100000
Зея;"Россия/Амурская область";675824;1;2800000400000
Райчихинск;"Россия/Амурская область";676770;1;2800000200000
Свободный;"Россия/Амурская область";346958;1;2800000500000
Сковородино;"Россия/Амурская область";676010;1;2801700100000
Тында;"Россия/Амурская область";675828;1;2800000600000
Циолковский;"Россия/Амурская область";676470;1;2800001000000
Шимановск;"Россия/Амурская область";676301;1;2800000700000
Горно-Алтайск;Россия/Алтай;649000;1;0400000100000
Адыгейск;Россия/Адыгея;385200;1;0100000200000
Майкоп;Россия/Адыгея;385000;1;0100000100000
Брянск;"Россия/Брянская область";241000;1;3200000100000
Дятьково;"Россия/Брянская область";242600;1;3200600100000
Жуковка;"Россия/Брянская область";242700;1;3200800100000
Злынка;"Россия/Брянская область";243600;1;3200900100000
Карачев;"Россия/Брянская область";242500;1;3201000100000
Клинцы;"Россия/Брянская область";243140;1;3200000300000
Мглин;"Россия/Брянская область";243220;1;3201600100000
Новозыбков;"Россия/Брянская область";243020;1;3200000400000
Почеп;"Россия/Брянская область";243400;1;3202000100000
Севск;"Россия/Брянская область";242440;1;3202200100000
Сельцо;"Россия/Брянская область";187052;1;3200000200000
Стародуб;"Россия/Брянская область";243240;1;3200000600000
Сураж;"Россия/Брянская область";243500;1;3202500100000
Трубчевск;"Россия/Брянская область";242220;1;3202600100000
Унеча;"Россия/Брянская область";243300;1;3202700100000
Фокино;"Россия/Брянская область";242610;1;3200000500000
Вичуга;"Россия/Ивановская область";155331;1;3700300100000
"Гаврилов Посад";"Россия/Ивановская область";155000;1;3700400100000
Заволжск;"Россия/Ивановская область";155410;1;3700500100000
Иваново;"Россия/Ивановская область";153023;1;3700000100000
Кинешма;"Россия/Ивановская область";155800;1;3700000200000
Комсомольск;"Россия/Ивановская область";155150;1;3700800100000
Кохма;"Россия/Ивановская область";153510;1;3700100200000
Наволоки;"Россия/Ивановская область";155830;1;3700700200000
Плес;"Россия/Ивановская область";155555;1;3701300200000
Приволжск;"Россия/Ивановская область";155550;1;3701300100000
Пучеж;"Россия/Ивановская область";155360;1;3701400100000
Родники;"Россия/Ивановская область";140143;1;3701500100000
Тейково;"Россия/Ивановская область";155040;1;3701700100000
Фурманов;"Россия/Ивановская область";155520;1;3701800100000
Шуя;"Россия/Ивановская область";155900;1;3701900100000
Южа;"Россия/Ивановская область";155630;1;3702000100000
Юрьевец;"Россия/Ивановская область";155450;1;3702100100000
Анадырь;"Россия/Чукотский АО";689000;1;8700000100000
Билибино;"Россия/Чукотский АО";689450;1;8700300100000
Певек;"Россия/Чукотский АО";689400;1;8700600100000
Аркадак;"Россия/Саратовская область";412210;1;6400300100000
Аткарск;"Россия/Саратовская область";412420;1;6400000300000
Балаково;"Россия/Саратовская область";413853;1;6400000400000
Балашов;"Россия/Саратовская область";412315;1;6400000500000
Вольск;"Россия/Саратовская область";412900;1;6400000600000
Вольск-18;"Россия/Саратовская область";412918;1;6400000602500
Ершов;"Россия/Саратовская область";413500;1;6401400100000
Калининск;"Россия/Саратовская область";412481;1;6401600100000
"Красный Кут";"Россия/Саратовская область";413235;1;6401800100000
Маркс;"Россия/Саратовская область";413089;1;6400000800000
Новоузенск;"Россия/Саратовская область";413360;1;6402300100000
Петровск;"Россия/Саратовская область";412540;1;6400000900000
Пугачев;"Россия/Саратовская область";413720;1;6400001000000
Ртищево;"Россия/Саратовская область";303719;1;6400001100000
Саратов;"Россия/Саратовская область";410000;1;6400000100000
Хвалынск;"Россия/Саратовская область";412780;1;6400001200000
Шиханы;"Россия/Саратовская область";412950;1;6400000200000
Энгельс;"Россия/Саратовская область";413100;1;6400001300000
Багратионовск;"Россия/Калининградская область";238420;1;3900200100000
Балтийск;"Россия/Калининградская область";238520;1;3901500100000
Гвардейск;"Россия/Калининградская область";238210;1;3900300100000
Гурьевск;"Россия/Калининградская область";238300;1;3900400100000
Гусев;"Россия/Калининградская область";238050;1;3900500100000
Зеленоградск;"Россия/Калининградская область";238326;1;3900600100000
Калининград;"Россия/Калининградская область";236001;1;3900000100000
Краснознаменск;"Россия/Калининградская область";143090;1;3900700100000
Ладушкин;"Россия/Калининградская область";238460;1;3900000800000
Мамоново;"Россия/Калининградская область";238450;1;3900000900000
Неман;"Россия/Калининградская область";238710;1;3900800100000
Нестеров;"Россия/Калининградская область";238010;1;3900900100000
Озерск;"Россия/Калининградская область";238120;1;3901000100000
Пионерский;"Россия/Калининградская область";161061;1;3900000300000
Полесск;"Россия/Калининградская область";238630;1;3901100100000
Правдинск;"Россия/Калининградская область";238400;1;3901200100000
Приморск;"Россия/Калининградская область";188910;1;3901500200000
Светлогорск;"Россия/Калининградская область";238560;1;3901600100000
Светлый;"Россия/Калининградская область";164557;1;3900000600000
Славск;"Россия/Калининградская область";238600;1;3901300100000
Советск;"Россия/Калининградская область";236876;1;3900000700000
Черняховск;"Россия/Калининградская область";236816;1;3901400100000
Городовиковск;Россия/Калмыкия;359050;1;0800200100000
Лагань;Россия/Калмыкия;359220;1;0800600100000
Элиста;Россия/Калмыкия;358000;1;0800000100000
Балабаново;"Россия/Калужская область";249000;1;4000400200000
Белоусово;"Россия/Калужская область";162930;1;4000900200000
Боровск;"Россия/Калужская область";249010;1;4000400100000
Ермолино;"Россия/Калужская область";141923;1;4000400400000
Жиздра;"Россия/Калужская область";249340;1;4000800100000
Жуков;"Россия/Калужская область";249190;1;4000900100000
Калуга;"Россия/Калужская область";248000;1;4000000100000
Киров;"Россия/Калужская область";249440;1;4001100100000
Козельск;"Россия/Калужская область";249141;1;4001200100000
Кондрово;"Россия/Калужская область";249830;1;4000600100000
Кременки;"Россия/Калужская область";249185;1;4000900400000
Людиново;"Россия/Калужская область";249342;1;4001400100000
Малоярославец;"Россия/Калужская область";249091;1;4001500100000
Медынь;"Россия/Калужская область";249950;1;4001600100000
Мещовск;"Россия/Калужская область";249240;1;4001700100000
Мосальск;"Россия/Калужская область";249930;1;4001800100000
Обнинск;"Россия/Калужская область";249030;1;4000000200000
Сосенский;"Россия/Калужская область";249710;1;4001200200000
Спас-Деменск;"Россия/Калужская область";249610;1;4000500100000
Сухиничи;"Россия/Калужская область";249270;1;4002000100000
Таруса;"Россия/Калужская область";249100;1;4002100100000
Юхнов;"Россия/Калужская область";249910;1;4002500200000
Вилючинск;"Россия/Камчатский край";684090;1;4100000200000
Елизово;"Россия/Камчатский край";684000;1;4100500100000
Петропавловск-Камчатский;"Россия/Камчатский край";683000;1;4100000100000
Карачаевск;Россия/Карачаево-Черкессия;369200;1;0900000200000
Теберда;Россия/Карачаево-Черкессия;369210;1;0900000300000
Усть-Джегута;Россия/Карачаево-Черкессия;369300;1;0900800100000
Черкесск;Россия/Карачаево-Черкессия;369000;1;0900000100000
Беломорск;Россия/Карелия;186500;1;1000200100000
Кемь;Россия/Карелия;186610;1;1000400100000
Кондопога;Россия/Карелия;186215;1;1000500100000
Костомукша;Россия/Карелия;186930;1;1000000400000
Лахденпохья;Россия/Карелия;186730;1;1000600100000
Медвежьегорск;Россия/Карелия;186302;1;1000800100000
Олонец;Россия/Карелия;186000;1;1001000100000
Петрозаводск;Россия/Карелия;185000;1;1000000100000
Питкяранта;Россия/Карелия;186810;1;1001100100000
Пудож;Россия/Карелия;186150;1;1001300100000
Сегежа;Россия/Карелия;186420;1;1001400100000
Сортавала;Россия/Карелия;186790;1;1000000700000
Суоярви;Россия/Карелия;186870;1;1001500100000
Анжеро-Судженск;"Россия/Кемеровская область";652470;1;4200000200000
Белово;"Россия/Кемеровская область";157138;1;4200001500000
Березовский;"Россия/Кемеровская область";249355;1;4200000300000
Калтан;"Россия/Кемеровская область";652740;1;4200000400000
Кемерово;"Россия/Кемеровская область";650000;1;4200000900000
Киселевск;"Россия/Кемеровская область";652700;1;4200000500000
Ленинск-Кузнецкий;"Россия/Кемеровская область";652500;1;4200001000000
Мариинск;"Россия/Кемеровская область";652150;1;4200700100000
Междуреченск;"Россия/Кемеровская область";169260;1;4200001600000
Мыски;"Россия/Кемеровская область";652840;1;4200000600000
Новокузнецк;"Россия/Кемеровская область";654000;1;4200001200000
Осинники;"Россия/Кемеровская область";652800;1;4200000700000
Полысаево;"Россия/Кемеровская область";652560;1;4200001100000
Прокопьевск;"Россия/Кемеровская область";653000;1;4200001300000
Салаир;"Россия/Кемеровская область";652770;1;4200300200000
Тайга;"Россия/Кемеровская область";164644;1;4200000800000
Таштагол;"Россия/Кемеровская область";652990;1;4201200100000
Топки;"Россия/Кемеровская область";303187;1;4201400100000
Юрга;"Россия/Кемеровская область";652050;1;4200001400000
Балей;"Россия/Забайкальский край";673450;1;7500400100000
Борзя;"Россия/Забайкальский край";674600;1;7500500100000
Краснокаменск;"Россия/Забайкальский край";662955;1;7501100100000
Могоча;"Россия/Забайкальский край";673730;1;7501400100000
Нерчинск;"Россия/Забайкальский край";672840;1;7501500100000
Петровск-Забайкальский;"Россия/Забайкальский край";672801;1;7501900100000
Сретенск;"Россия/Забайкальский край";673500;1;7502100100000
Хилок;"Россия/Забайкальский край";673200;1;7502500100000
Чита;"Россия/Забайкальский край";422792;1;7500000100000
Шилка;"Россия/Забайкальский край";673302;1;7502800100000
Баксан;Россия/Кабардино-Балкария;361530;1;0700000300000
Майский;Россия/Кабардино-Балкария;160508;1;3500100000900
Нальчик;Россия/Кабардино-Балкария;360000;1;0700000100000
Нарткала;Россия/Кабардино-Балкария;361330;1;0700700100000
Прохладный;Россия/Кабардино-Балкария;361040;1;0700000200000
Терек;Россия/Кабардино-Балкария;356837;1;2600700001200
Тырныауз;Россия/Кабардино-Балкария;361621;1;0701000100000
Чегем;Россия/Кабардино-Балкария;361400;1;0700800100000
"Белая Холуница";"Россия/Кировская область";613200;1;4300400100000
"Вятские Поляны";"Россия/Кировская область";612960;1;4300800100000
Зуевка;"Россия/Кировская область";306137;1;4301000100000
Кирово-Чепецк;"Россия/Кировская область";613040;1;4300000400000
Кирс;"Россия/Кировская область";612820;1;4300600100000
Котельнич;"Россия/Кировская область";612600;1;4301400100000
Луза;"Россия/Кировская область";612423;1;4301700100000
Малмыж;"Россия/Кировская область";612920;1;4301800100000
Мураши;"Россия/Кировская область";613710;1;4301900100000
Нолинск;"Россия/Кировская область";613440;1;4302200100000
Омутнинск;"Россия/Кировская область";612704;1;4302300100000
Орлов;"Россия/Кировская область";347135;1;4302600100000
Слободской;"Россия/Кировская область";346652;1;4303100100000
Сосновка;"Россия/Кировская область";140576;1;4300800200000
Уржум;"Россия/Кировская область";613530;1;4303600100000
Яранск;"Россия/Кировская область";612260;1;4304000100000
Жигулевск;"Россия/Самарская область";445350;1;6300000200000
Кинель;"Россия/Самарская область";446430;1;6300001000000
Нефтегорск;"Россия/Самарская область";352685;1;6301700100000
Новокуйбышевск;"Россия/Самарская область";446200;1;6300000300000
Октябрьск;"Россия/Самарская область";445240;1;6300000400000
Отрадный;"Россия/Самарская область";346605;1;6300000500000
Похвистнево;"Россия/Самарская область";446450;1;6300000900000
Самара;"Россия/Самарская область";443000;1;6300000100000
Сызрань;"Россия/Самарская область";446000;1;6300000800000
Тольятти;"Россия/Самарская область";445000;1;6300000700000
Чапаевск;"Россия/Самарская область";446100;1;6300000600000
Касимов;"Россия/Рязанская область";391300;1;6200000400000
Кораблино;"Россия/Рязанская область";390515;1;6200700100000
Михайлов;"Россия/Рязанская область";347071;1;6200900100000
Новомичуринск;"Россия/Рязанская область";391160;1;6201200200000
Рыбное;"Россия/Рязанская область";391110;1;6201400100000
Ряжск;"Россия/Рязанская область";391960;1;6201500100000
Рязань;"Россия/Рязанская область";390000;1;6200000100000
Сасово;"Россия/Рязанская область";391430;1;6200000200000
Скопин;"Россия/Рязанская область";391800;1;6200000300000
Спас-Клепики;"Россия/Рязанская область";391030;1;6200600100000
Спасск-Рязанский;"Россия/Рязанская область";391050;1;6202000100000
Шацк;"Россия/Рязанская область";391550;1;6202400100000
Далматово;"Россия/Курганская область";641730;1;4500500100000
Катайск;"Россия/Курганская область";641700;1;4500800100000
Курган;"Россия/Курганская область";618613;1;4500000100000
Куртамыш;"Россия/Курганская область";641430;1;4501000100000
Макушино;"Россия/Курганская область";182340;1;4501200100000
Петухово;"Россия/Курганская область";641640;1;4501500100000
Шадринск;"Россия/Курганская область";641804;1;4500000200000
Шумиха;"Россия/Курганская область";622921;1;4502300100000
Щучье;"Россия/Курганская область";172468;1;4502400100000
Дмитриев;"Россия/Курская область";307500;1;4600600100000
Курск;"Россия/Курская область";188442;1;4600000100000
Курчатов;"Россия/Курская область";307250;1;4600000200000
Льгов;"Россия/Курская область";303944;1;4600000400000
Обоянь;"Россия/Курская область";306230;1;4601600100000
Рыльск;"Россия/Курская область";307331;1;4602000100000
Суджа;"Россия/Курская область";307800;1;4602300100000
Фатеж;"Россия/Курская область";307100;1;4602500100000
Щигры;"Россия/Курская область";306509;1;4600000500000
Бокситогорск;"Россия/Ленинградская область";187650;1;4700200100000
Волосово;"Россия/Ленинградская область";188410;1;4700300100000
Волхов;"Россия/Ленинградская область";187401;1;4700400100000
Всеволожск;"Россия/Ленинградская область";188640;1;4700500100000
Выборг;"Россия/Ленинградская область";188800;1;4700600100000
Высоцк;"Россия/Ленинградская область";188909;1;4700600200000
Гатчина;"Россия/Ленинградская область";188300;1;4700700100000
Ивангород;"Россия/Ленинградская область";188490;1;4700801100000
Каменногорск;"Россия/Ленинградская область";188950;1;4700600300000
Кингисепп;"Россия/Ленинградская область";188452;1;4700800100000
Кириши;"Россия/Ленинградская область";187110;1;4700900100000
Кировск;"Россия/Ленинградская область";184250;1;4701000100000
Коммунар;"Россия/Ленинградская область";188320;1;4700700200000
"Лодейное Поле";"Россия/Ленинградская область";187700;1;4701100100000
Луга;"Россия/Ленинградская область";188229;1;4701300100000
Любань;"Россия/Ленинградская область";187050;1;4701800400000
Никольское;"Россия/Ленинградская область";143724;1;4701800300000
"Новая Ладога";"Россия/Ленинградская область";187450;1;4700400200000
Отрадное;"Россия/Ленинградская область";143442;1;4701000200000
Пикалево;"Россия/Ленинградская область";187602;1;4700200200000
Подпорожье;"Россия/Ленинградская область";186164;1;4701400100000
Приозерск;"Россия/Ленинградская область";188760;1;4701500100000
Санкт-Петербург;"Россия/Ленинградская область";190000;1;7800000000000
Светогорск;"Россия/Ленинградская область";188990;1;4700600500000
Сертолово;"Россия/Ленинградская область";188650;1;4700500200000
Сланцы;"Россия/Ленинградская область";188560;1;4701600100000
"Сосновый Бор";"Россия/Ленинградская область";182277;1;4700000400000
Сясьстрой;"Россия/Ленинградская область";187420;1;4700400300000
Тихвин;"Россия/Ленинградская область";187549;1;4701700100000
Тосно;"Россия/Ленинградская область";187000;1;4701800100000
Шлиссельбург;"Россия/Ленинградская область";187320;1;4701000300000
Грязи;"Россия/Липецкая область";399050;1;4800300100000
Данков;"Россия/Липецкая область";399835;1;4800400100000
Елец;"Россия/Липецкая область";399002;1;4800000200000
Задонск;"Россия/Липецкая область";399200;1;4800900100000
Лебедянь;"Россия/Липецкая область";399610;1;4801200100000
Липецк;"Россия/Липецкая область";398000;1;4800000100000
Усмань;"Россия/Липецкая область";399370;1;4801600100000
Чаплыгин;"Россия/Липецкая область";352185;1;4801800100000
Магадан;"Россия/Магаданская область";685000;1;4900000100000
Сусуман;"Россия/Магаданская область";686314;1;4900600100000
Воркута;Россия/Коми;169900;1;1100000200000
Вуктыл;Россия/Коми;169570;1;1100000300000
Емва;Россия/Коми;169200;1;1100600100000
Инта;Россия/Коми;169840;1;1100000400000
Микунь;Россия/Коми;169060;1;1101700200000
Печора;Россия/Коми;169600;1;1100000500000
Сосногорск;Россия/Коми;169500;1;1100000600000
Сыктывкар;Россия/Коми;167000;1;1100000100000
Усинск;Россия/Коми;169710;1;1100000700000
Ухта;Россия/Коми;169300;1;1100000800000
Губкинский;"Россия/Ямало-Ненецкий АО";629830;1;8900000200000
Лабытнанги;"Россия/Ямало-Ненецкий АО";629400;1;8900000300000
Муравленко;"Россия/Ямало-Ненецкий АО";629601;1;8900000400000
Надым;"Россия/Ямало-Ненецкий АО";629730;1;8900000500000
"Новый Уренгой";"Россия/Ямало-Ненецкий АО";629300;1;8900000600000
Ноябрьск;"Россия/Ямало-Ненецкий АО";629800;1;8900000700000
Салехард;"Россия/Ямало-Ненецкий АО";629000;1;8900000100000
Тарко-Сале;"Россия/Ямало-Ненецкий АО";629850;1;8900400100000
Алзамай;"Россия/Иркутская область";665160;1;3801600200000
Ангарск;"Россия/Иркутская область";665800;1;3800000400000
Байкальск;"Россия/Иркутская область";665930;1;3801800200000
Бирюсинск;"Россия/Иркутская область";665050;1;3801900200000
Бодайбо;"Россия/Иркутская область";666900;1;3800000600000
Братск;"Россия/Иркутская область";664899;1;3800000500000
Вихоревка;"Россия/Иркутская область";665770;1;3800500200000
Железногорск-Илимский;"Россия/Иркутская область";665650;1;3801500100000
Зима;"Россия/Иркутская область";665382;1;3800000700000
Иркутск;"Россия/Иркутская область";664000;1;3800000300000
Киренск;"Россия/Иркутская область";666700;1;3801200100000
Нижнеудинск;"Россия/Иркутская область";664810;1;3800000800000
Саянск;"Россия/Иркутская область";662654;1;3800000200000
Свирск;"Россия/Иркутская область";665420;1;3800001600000
Слюдянка;"Россия/Иркутская область";665900;1;3801800100000
Тайшет;"Россия/Иркутская область";664802;1;3800000900000
Тулун;"Россия/Иркутская область";665250;1;3800001000000
Усолье-Сибирское;"Россия/Иркутская область";665450;1;3800001100000
Усть-Илимск;"Россия/Иркутская область";666670;1;3800001200000
Усть-Кут;"Россия/Иркутская область";666780;1;3800001300000
Черемхово;"Россия/Иркутская область";665400;1;3800001400000
Шелехов;"Россия/Иркутская область";666031;1;3800001500000
Карабулак;Россия/Ингушетия;386230;1;0600000200000
Магас;Россия/Ингушетия;386001;1;0600000100000
Малгобек;Россия/Ингушетия;386300;1;0600000400000
Назрань;Россия/Ингушетия;386100;1;0600000300000
Арсеньев;"Россия/Приморский край";692330;1;2500000200000
Артем;"Россия/Приморский край";692486;1;2500000300000
"Большой Камень";"Россия/Приморский край";628107;1;2500000700000
Владивосток;"Россия/Приморский край";690000;1;2500000100000
Дальнегорск;"Россия/Приморский край";692441;1;2500000800000
Дальнереченск;"Россия/Приморский край";692102;1;2500000900000
Лесозаводск;"Россия/Приморский край";692031;1;2500001200000
Находка;"Россия/Приморский край";629360;1;2500000400000
Партизанск;"Россия/Приморский край";663404;1;2500000500000
Спасск-Дальний;"Россия/Приморский край";692230;1;2500001000000
Уссурийск;"Россия/Приморский край";692500;1;2500001100000
Воткинск;Россия/Удмуртия;427430;1;1800000300000
Глазов;Россия/Удмуртия;427601;1;1800000400000
Ижевск;Россия/Удмуртия;426000;1;1800000100000
Камбарка;Россия/Удмуртия;427950;1;1801100100000
Можга;Россия/Удмуртия;427327;1;1800000500000
Сарапул;Россия/Удмуртия;427960;1;1800000200000
Заводоуковск;"Россия/Тюменская область";627139;1;7200000400000
Ишим;"Россия/Тюменская область";627705;1;7200000300000
Тобольск;"Россия/Тюменская область";626147;1;7200000200000
Тюмень;"Россия/Тюменская область";625000;1;7200000100000
Ялуторовск;"Россия/Тюменская область";625805;1;7200000500000
Велиж;"Россия/Смоленская область";216290;1;6700200100000
Вязьма;"Россия/Смоленская область";215110;1;6700300100000
Гагарин;"Россия/Смоленская область";215010;1;6700400100000
Демидов;"Россия/Смоленская область";216240;1;6700600100000
Десногорск;"Россия/Смоленская область";216400;1;6700000200000
Дорогобуж;"Россия/Смоленская область";215710;1;6700700100000
Духовщина;"Россия/Смоленская область";216200;1;6700800100000
Ельня;"Россия/Смоленская область";216330;1;6700900100000
Починок;"Россия/Смоленская область";157195;1;6701500100000
Рославль;"Россия/Смоленская область";216500;1;6701600100000
Рудня;"Россия/Смоленская область";216790;1;6701700100000
Сафоново;"Россия/Смоленская область";164767;1;6701800100000
Смоленск;"Россия/Смоленская область";214000;1;6700000300000
Сычевка;"Россия/Смоленская область";215279;1;6701900100000
Ярцево;"Россия/Смоленская область";215800;1;6702500100000
Благодарный;"Россия/Ставропольский край";356420;1;2600600100000
Буденновск;"Россия/Ставропольский край";356800;1;2600700100000
Георгиевск;"Россия/Ставропольский край";357820;1;2600000900000
Ессентуки;"Россия/Ставропольский край";357600;1;2600000200000
Железноводск;"Россия/Ставропольский край";357400;1;2600000300000
Зеленокумск;"Россия/Ставропольский край";357910;1;2602300100000
Изобильный;"Россия/Ставропольский край";347674;1;2601000100000
Ипатово;"Россия/Ставропольский край";356630;1;2601100100000
Кисловодск;"Россия/Ставропольский край";357700;1;2600000400000
Лермонтов;"Россия/Ставропольский край";357340;1;2600000500000
"Минеральные Воды";"Россия/Ставропольский край";357200;1;2601700200000
Невинномысск;"Россия/Ставропольский край";357100;1;2600000600000
Нефтекумск;"Россия/Ставропольский край";356880;1;2601800100000
Новоалександровск;"Россия/Ставропольский край";356000;1;2601900100000
Новопавловск;"Россия/Ставропольский край";357300;1;2601200100000
Пятигорск;"Россия/Ставропольский край";357500;1;2600000700000
Светлоград;"Россия/Ставропольский край";356530;1;2602100100000
Ставрополь;"Россия/Ставропольский край";355000;1;2600000100000
Жердевка;"Россия/Тамбовская область";393670;1;6800400100000
Кирсанов;"Россия/Тамбовская область";393360;1;6800000500000
Котовск;"Россия/Тамбовская область";393190;1;6800000200000
Мичуринск;"Россия/Тамбовская область";393013;1;6800000600000
Моршанск;"Россия/Тамбовская область";393931;1;6800000300000
Рассказово;"Россия/Тамбовская область";393250;1;6800000700000
Тамбов;"Россия/Тамбовская область";392000;1;6800000400000
Уварово;"Россия/Тамбовская область";172882;1;6800000800000
Амурск;"Россия/Хабаровский край";682640;1;2700000300000
Бикин;"Россия/Хабаровский край";682970;1;2700000400000
Вяземский;"Россия/Хабаровский край";682950;1;2700700100000
Комсомольск-на-Амуре;"Россия/Хабаровский край";680801;1;2700000500000
Николаевск-на-Амуре;"Россия/Хабаровский край";682455;1;2700000600000
"Советская Гавань";"Россия/Хабаровский край";680881;1;2700000700000
Хабаровск;"Россия/Хабаровский край";680000;1;2700000100000
Аргун;Россия/Чечня;366281;1;2000000200000
Грозный;Россия/Чечня;364000;1;2000000100000
Гудермес;Россия/Чечня;366200;1;2000500100000
Урус-Мартан;Россия/Чечня;366500;1;2001000000100
Шали;Россия/Чечня;366300;1;2001200100000
Аша;"Россия/Челябинская область";456010;1;7400200300000
Бакал;"Россия/Челябинская область";456900;1;7401700100000
Верхнеуральск;"Россия/Челябинская область";457670;1;7402900100000
"Верхний Уфалей";"Россия/Челябинская область";456800;1;7400000200000
Еманжелинск;"Россия/Челябинская область";456580;1;7404400100000
Златоуст;"Россия/Челябинская область";456200;1;7400000400000
Карабаш;"Россия/Челябинская область";423229;1;7400000500000
Карталы;"Россия/Челябинская область";457350;1;7400700100000
Касли;"Россия/Челябинская область";456830;1;7400900100000
Катав-Ивановск;"Россия/Челябинская область";456110;1;7401000200000
Копейск;"Россия/Челябинская область";456600;1;7400000600000
Коркино;"Россия/Челябинская область";187045;1;7404500100000
Куса;"Россия/Челябинская область";456940;1;7403400100000
Кыштым;"Россия/Челябинская область";456870;1;7400000800000
Магнитогорск;"Россия/Челябинская область";455000;1;7400000900000
Миасс;"Россия/Челябинская область";456300;1;7400001000000
Миньяр;"Россия/Челябинская область";456007;1;7400200100000
Нязепетровск;"Россия/Челябинская область";456970;1;7403600100000
Пласт;"Россия/Челябинская область";457020;1;7404600100000
Сатка;"Россия/Челябинская область";456910;1;7401700200000
Сим;"Россия/Челябинская область";456020;1;7400200200000
Снежинск;"Россия/Челябинская область";456770;1;7400001300000
Трехгорный;"Россия/Челябинская область";456080;1;7400001400000
Усть-Катав;"Россия/Челябинская область";456040;1;7400001500000
Чебаркуль;"Россия/Челябинская область";456438;1;7400003500000
Челябинск;"Россия/Челябинская область";454000;1;7400000100000
Южноуральск;"Россия/Челябинская область";457018;1;7400001600000
Юрюзань;"Россия/Челябинская область";456120;1;7401000100000
"Великие Луки";"Россия/Псковская область";182100;1;6000000200000
"Великие Луки-1";"Россия/Псковская область";182171;1;6000300100051
Гдов;"Россия/Псковская область";181600;1;6000400100000
Дно;"Россия/Псковская область";182670;1;6000600100000
Невель;"Россия/Псковская область";182500;1;6001000100000
Новоржев;"Россия/Псковская область";182440;1;6001100100000
Новосокольники;"Россия/Псковская область";182200;1;6001200100000
Опочка;"Россия/Псковская область";182330;1;6001300100000
Остров;"Россия/Псковская область";152235;1;6001400100000
Печоры;"Россия/Псковская область";181500;1;6001600100000
Порхов;"Россия/Псковская область";182620;1;6001800100000
Псков;"Россия/Псковская область";180000;1;6000000100000
Пустошка;"Россия/Псковская область";182300;1;6001900100000
Пыталово;"Россия/Псковская область";181410;1;6002100100000
Себеж;"Россия/Псковская область";182250;1;6002200100000
Ак-Довурак;"Россия/Тыва (Тува)";668050;1;1700000200000
Кызыл;"Россия/Тыва (Тува)";667000;1;1700000100000
Туран;"Россия/Тыва (Тува)";668510;1;1700900100000
Чадан;"Россия/Тыва (Тува)";668110;1;1700400100000
Шагонар;"Россия/Тыва (Тува)";668210;1;1701400100000
Алексин;"Россия/Тульская область";301360;1;7100200100000
Белев;"Россия/Тульская область";301530;1;7100400100000
Богородицк;"Россия/Тульская область";301830;1;7100500100000
Болохово;"Россия/Тульская область";301280;1;7101400200000
Венев;"Россия/Тульская область";301320;1;7100600100000
Донской;"Россия/Тульская область";301760;1;7100000200000
Ефремов;"Россия/Тульская область";301840;1;7101000100000
Кимовск;"Россия/Тульская область";301720;1;7101300100000
Киреевск;"Россия/Тульская область";301260;1;7101400100000
Липки;"Россия/Тульская область";216461;1;7101400300000
Новомосковск;"Россия/Тульская область";301650;1;7101700100000
Плавск;"Россия/Тульская область";301470;1;7101900100000
Суворов;"Россия/Тульская область";301430;1;7102000100000
Тула;"Россия/Тульская область";300000;1;7100000100000
Узловая;"Россия/Тульская область";301600;1;7102200100000
Чекалин;"Россия/Тульская область";301414;1;7102000200000
Щекино;"Россия/Тульская область";162361;1;7102400100000
Ясногорск;"Россия/Тульская область";301030;1;7102500100000
Асино;"Россия/Томская область";636840;1;7000300100000
Кедровый;"Россия/Томская область";628544;1;7000000200000
Колпашево;"Россия/Томская область";636460;1;7000900100000
Северск;"Россия/Томская область";636000;1;7000000300000
Стрежевой;"Россия/Томская область";634878;1;7000000400000
Томск;"Россия/Томская область";634000;1;7000000100000
Андреаполь;"Россия/Тверская область";172800;1;6900200100000
Бежецк;"Россия/Тверская область";171980;1;6900300100000
Белый;"Россия/Тверская область";172530;1;6900400100000
Бологое;"Россия/Тверская область";171070;1;6900500100000
Весьегонск;"Россия/Тверская область";171720;1;6900600100000
"Вышний Волочек";"Россия/Тверская область";171147;1;6900000600000
"Западная Двина";"Россия/Тверская область";172610;1;6900900100000
Зубцов;"Россия/Тверская область";172332;1;6901000100000
Калязин;"Россия/Тверская область";171571;1;6901100100000
Кашин;"Россия/Тверская область";171591;1;6900000900000
Кимры;"Россия/Тверская область";171500;1;6900000500000
Конаково;"Россия/Тверская область";171250;1;6901500100000
"Красный Холм";"Россия/Тверская область";171660;1;6901600100000
Кувшиново;"Россия/Тверская область";172110;1;6901700100000
Лихославль;"Россия/Тверская область";171210;1;6901900100000
Нелидово;"Россия/Тверская область";143628;1;6900000400000
Осташков;"Россия/Тверская область";172218;1;6900000800000
Ржев;"Россия/Тверская область";172380;1;6900000300000
Старица;"Россия/Тверская область";171360;1;6903200100000
Тверь;"Россия/Тверская область";170000;1;6900000100000
Торжок;"Россия/Тверская область";172000;1;6900000200000
Торопец;"Россия/Тверская область";172840;1;6903400100000
Удомля;"Россия/Тверская область";171841;1;6900000700000
Агрыз;Россия/Татарстан;422230;1;1600200100000
Азнакаево;Россия/Татарстан;423330;1;1600300100000
Альметьевск;Россия/Татарстан;423403;1;1600800100000
Арск;Россия/Татарстан;422000;1;1601000100000
Бавлы;Россия/Татарстан;423930;1;1601200100000
Болгар;Россия/Татарстан;422840;1;1603800100000
Бугульма;Россия/Татарстан;423230;1;1601400100000
Буинск;Россия/Татарстан;422430;1;1601500100000
Елабуга;Россия/Татарстан;423600;1;1601900100000
Заинск;Россия/Татарстан;423520;1;1602000100000
Зеленодольск;Россия/Татарстан;422540;1;1602100100000
Иннополис;Россия/Татарстан;420500;1;1601600100000
Казань;Россия/Татарстан;420000;1;1600000100000
Лаишево;Россия/Татарстан;422610;1;1602500100000
Лениногорск;Россия/Татарстан;423250;1;1602600100000
Мамадыш;Россия/Татарстан;422190;1;1602700100000
Менделеевск;Россия/Татарстан;423650;1;1602800100000
Мензелинск;Россия/Татарстан;423700;1;1602900100000
"Набережные Челны";Россия/Татарстан;423800;1;1600000200000
Нижнекамск;Россия/Татарстан;423544;1;1603100100000
Нурлат;Россия/Татарстан;423040;1;1603300100000
Тетюши;Россия/Татарстан;422370;1;1603900100000
Чистополь;Россия/Татарстан;422980;1;1604300100000
Абаза;Россия/Хакасия;655750;1;1900000400000
Абакан;Россия/Хакасия;655000;1;1900000100000
Саяногорск;Россия/Хакасия;655602;1;1900000200000
Сорск;Россия/Хакасия;655111;1;1900000500000
Черногорск;Россия/Хакасия;655151;1;1900000300000
Белоярский;"Россия/Ханты-Мансийский АО";412561;1;6402200000400
Когалым;"Россия/Ханты-Мансийский АО";628481;1;8600000200000
Лангепас;"Россия/Ханты-Мансийский АО";628671;1;8600000300000
Лянтор;"Россия/Ханты-Мансийский АО";628449;1;8600900200000
Мегион;"Россия/Ханты-Мансийский АО";628680;1;8600000400000
Нефтеюганск;"Россия/Ханты-Мансийский АО";628301;1;8600001400000
Нижневартовск;"Россия/Ханты-Мансийский АО";628600;1;8600001100000
Нягань;"Россия/Ханты-Мансийский АО";628180;1;8600000500000
Покачи;"Россия/Ханты-Мансийский АО";628660;1;8600000600000
Пыть-Ях;"Россия/Ханты-Мансийский АО";628380;1;8600000700000
Советский;"Россия/Ханты-Мансийский АО";157433;1;4401100004000
Сургут;"Россия/Ханты-Мансийский АО";446551;1;8600001000000
Урай;"Россия/Ханты-Мансийский АО";628280;1;8600000900000
Ханты-Мансийск;"Россия/Ханты-Мансийский АО";628000;1;8600000100000
Югорск;"Россия/Ханты-Мансийский АО";628260;1;8600001600000
Барыш;"Россия/Ульяновская область";433750;1;7300000300000
Димитровград;"Россия/Ульяновская область";433500;1;7300000200000
Инза;"Россия/Ульяновская область";433030;1;7300500100000
Новоульяновск;"Россия/Ульяновская область";433300;1;7300000400000
Сенгилей;"Россия/Ульяновская область";433380;1;7301500100000
Ульяновск;"Россия/Ульяновская область";432000;1;7300000100000
Алагир;"Россия/Северная Осетия";363240;1;1500200100000
Ардон;"Россия/Северная Осетия";363330;1;1500300100000
Беслан;"Россия/Северная Осетия";363020;1;1500800100000
Владикавказ;"Россия/Северная Осетия";362000;1;1500000100000
Дигора;"Россия/Северная Осетия";363410;1;1500400100000
Моздок;"Россия/Северная Осетия";362028;1;1500700100000
Алдан;"Россия/Саха (Якутия)";678900;1;1400300100000
Верхоянск;"Россия/Саха (Якутия)";678530;1;1401000000000
Вилюйск;"Россия/Саха (Якутия)";678200;1;1401100100000
Ленск;"Россия/Саха (Якутия)";617452;1;1401500100000
Нерюнгри;"Россия/Саха (Якутия)";678960;1;1400000200000
Нюрба;"Россия/Саха (Якутия)";678450;1;1402100100000
Олекминск;"Россия/Саха (Якутия)";678100;1;1402300100000
Покровск;"Россия/Саха (Якутия)";249718;1;4001200001200
Среднеколымск;"Россия/Саха (Якутия)";678790;1;1402500100000
Томмот;"Россия/Саха (Якутия)";678953;1;1400300200000
Удачный;"Россия/Саха (Якутия)";678188;1;1401700200000
Якутск;"Россия/Саха (Якутия)";677000;1;1400000100000
Александровск-Сахалинский;"Россия/Сахалинская область";694420;1;6501800100000
Анива;"Россия/Сахалинская область";694030;1;6500200100000
Долинск;"Россия/Сахалинская область";694051;1;6500300100000
Корсаков;"Россия/Сахалинская область";694020;1;6500400100000
Курильск;"Россия/Сахалинская область";694530;1;6500500100000
Макаров;"Россия/Сахалинская область";694140;1;6500600100000
Невельск;"Россия/Сахалинская область";694740;1;6500700100000
Оха;"Россия/Сахалинская область";694490;1;6500900100000
Поронайск;"Россия/Сахалинская область";694240;1;6501000100000
Северо-Курильск;"Россия/Сахалинская область";694550;1;6501100100000
Томари;"Россия/Сахалинская область";694820;1;6501300100000
Холмск;"Россия/Сахалинская область";694620;1;6501600100000
Шахтерск;"Россия/Сахалинская область";694910;1;6501500200000
Южно-Сахалинск;"Россия/Сахалинская область";693000;1;6500000100000
Александровск;"Россия/Пермский край";618320;1;5900000300000
Березники;"Россия/Пермский край";152183;1;5900000200000
Верещагино;"Россия/Пермский край";152334;1;5900500100000
Горнозаводск;"Россия/Пермский край";618820;1;5900600100000
Гремячинск;"Россия/Пермский край";618270;1;5900000400000
Губаха;"Россия/Пермский край";618250;1;5900000500000
Добрянка;"Россия/Пермский край";618740;1;5900000600000
Кизел;"Россия/Пермский край";618350;1;5900000700000
Красновишерск;"Россия/Пермский край";618590;1;5901300100000
Краснокамск;"Россия/Пермский край";617060;1;5900001500000
Кудымкар;"Россия/Пермский край";619000;1;5900001400000
Кунгур;"Россия/Пермский край";617470;1;5900000900000
Лысьва;"Россия/Пермский край";618441;1;5900001000000
Нытва;"Россия/Пермский край";617000;1;5901400100000
Оса;"Россия/Пермский край";612621;1;5901600100000
Оханск;"Россия/Пермский край";618100;1;5901800100000
Очер;"Россия/Пермский край";617140;1;5901900100000
Пермь;"Россия/Пермский край";614000;1;5900000100000
Соликамск;"Россия/Пермский край";618540;1;5900001100000
Усолье;"Россия/Пермский край";446733;1;5902400100000
Чайковский;"Россия/Пермский край";617760;1;5900001200000
Чердынь;"Россия/Пермский край";618601;1;5902700100000
Чермоз;"Россия/Пермский край";617040;1;5900800200000
Чернушка;"Россия/Пермский край";613573;1;5902800100000
Чусовой;"Россия/Пермский край";618200;1;5900001300000
Белинский;"Россия/Пензенская область";442250;1;5800500100000
Городище;"Россия/Пензенская область";142811;1;5800800100000
Заречный;"Россия/Пензенская область";442960;1;5800000200000
Каменка;"Россия/Пензенская область";141894;1;5801100100000
Кузнецк;"Россия/Пензенская область";442530;1;5800000300000
Кузнецк-12;"Россия/Пензенская область";442542;1;5800000300200
Кузнецк-8;"Россия/Пензенская область";442538;1;5800000300100
"Нижний Ломов";"Россия/Пензенская область";442150;1;5802200100000
Пенза;"Россия/Пензенская область";440000;1;5800000100000
Сердобск;"Россия/Пензенская область";442890;1;5802500100000
Спасск;"Россия/Пензенская область";442600;1;5800300100000
Сурск;"Россия/Пензенская область";442300;1;5800800200000
Болхов;"Россия/Орловская область";303140;1;5700200100000
Дмитровск;"Россия/Орловская область";303240;1;5700500100000
Ливны;"Россия/Орловская область";303850;1;5700000200000
Малоархангельск;"Россия/Орловская область";303369;1;5701400100000
Мценск;"Россия/Орловская область";303030;1;5700000300000
Новосиль;"Россия/Орловская область";303500;1;5701700100000
Орел;"Россия/Орловская область";181603;1;5700000100000
Астрахань;"Россия/Астраханская область";414000;1;3000000100000
Ахтубинск;"Россия/Астраханская область";416500;1;3000200100000
Знаменск;"Россия/Астраханская область";238200;1;3000000200000
Камызяк;"Россия/Астраханская область";416340;1;3000600100000
Нариманов;"Россия/Астраханская область";416111;1;3000900100000
Харабали;"Россия/Астраханская область";416009;1;3001100100000
Агидель;Россия/Башкортостан;452920;1;0200000200000
Баймак;Россия/Башкортостан;453630;1;0200600100000
Белебей;Россия/Башкортостан;452000;1;0200900100000
Белорецк;Россия/Башкортостан;453500;1;0201100100000
Бирск;Россия/Башкортостан;452450;1;0201300100000
Давлеканово;Россия/Башкортостан;453400;1;0205900100000
Дюртюли;Россия/Башкортостан;452320;1;0206000100000
Ишимбай;Россия/Башкортостан;453200;1;0202600100000
Кумертау;Россия/Башкортостан;453300;1;0200000700000
Межгорье;Россия/Башкортостан;453570;1;0200000800000
Мелеуз;Россия/Башкортостан;453850;1;0203500100000
Нефтекамск;Россия/Башкортостан;452680;1;0200000300000
Октябрьский;Россия/Башкортостан;140060;1;0200000400000
Салават;Россия/Башкортостан;453250;1;0200000500000
Сибай;Россия/Башкортостан;453830;1;0200000600000
Стерлитамак;Россия/Башкортостан;453100;1;0200001400000
Туймазы;Россия/Башкортостан;452750;1;0204400100000
Уфа;Россия/Башкортостан;450000;1;0200000100000
Учалы;Россия/Башкортостан;453700;1;0204600100000
Янаул;Россия/Башкортостан;452800;1;0205200100000
Алексеевка;"Россия/Белгородская область";181309;1;3100200100000
Белгород;"Россия/Белгородская область";308000;1;3100000100000
Бирюч;"Россия/Белгородская область";309910;1;3101200100000
Валуйки;"Россия/Белгородская область";309990;1;3100400100000
Грайворон;"Россия/Белгородская область";309370;1;3100700100000
Губкин;"Россия/Белгородская область";309180;1;3100000400000
Короча;"Россия/Белгородская область";309210;1;3101000100000
"Новый Оскол";"Россия/Белгородская область";309626;1;3101400100000
"Старый Оскол";"Россия/Белгородская область";309500;1;3100000200000
Строитель;"Россия/Белгородская область";309062;1;3102100100000
Шебекино;"Россия/Белгородская область";309290;1;3100000300000
Барабинск;"Россия/Новосибирская область";630833;1;5400301200000
Бердск;"Россия/Новосибирская область";633000;1;5400000200000
Болотное;"Россия/Новосибирская область";633340;1;5400400100000
Искитим;"Россия/Новосибирская область";633200;1;5400000500000
Карасук;"Россия/Новосибирская область";632860;1;5400900100000
Каргат;"Россия/Новосибирская область";632400;1;5401000100000
Куйбышев;"Россия/Новосибирская область";404146;1;5401501800000
Купино;"Россия/Новосибирская область";309263;1;5401600100000
Новосибирск;"Россия/Новосибирская область";630000;1;5400000100000
Обь;"Россия/Новосибирская область";633100;1;5400000300000
Татарск;"Россия/Новосибирская область";216156;1;5402302200000
Тогучин;"Россия/Новосибирская область";633450;1;5402400100000
Черепаново;"Россия/Новосибирская область";461227;1;5402800100000
Чулым;"Россия/Новосибирская область";632550;1;5403000100000
Чулым-3;"Россия/Новосибирская область";632553;1;5403000005700
Боровичи;"Россия/Новгородская область";174400;1;5300300100000
Валдай;"Россия/Новгородская область";175400;1;5300400100000
"Великий Новгород";"Россия/Новгородская область";173000;1;5300000100000
"Малая Вишера";"Россия/Новгородская область";174260;1;5300900100000
Окуловка;"Россия/Новгородская область";174350;1;5301200100000
Пестово;"Россия/Новгородская область";174510;1;5301400100000
Сольцы;"Россия/Новгородская область";175040;1;5301600200000
"Сольцы 2";"Россия/Новгородская область";175042;1;5301600200000
"Старая Русса";"Россия/Новгородская область";175200;1;5301700100000
Холм;"Россия/Новгородская область";152876;1;5301900100000
Чудово;"Россия/Новгородская область";174210;1;5302000100000
Алапаевск;"Россия/Свердловская область";624600;1;6600002400000
Арамиль;"Россия/Свердловская область";624000;1;6602500200000
Артемовский;"Россия/Свердловская область";623780;1;6600300100000
Асбест;"Россия/Свердловская область";624260;1;6600000200000
Богданович;"Россия/Свердловская область";623530;1;6600800100000
"Верхний Тагил";"Россия/Свердловская область";624162;1;6600003700000
"Верхняя Пышма";"Россия/Свердловская область";624090;1;6600000400000
"Верхняя Салда";"Россия/Свердловская область";624760;1;6600004500000
"Верхняя Тура";"Россия/Свердловская область";624320;1;6600004000000
Верхотурье;"Россия/Свердловская область";624380;1;6601000100000
Волчанск;"Россия/Свердловская область";624941;1;6600003900000
Дегтярск;"Россия/Свердловская область";623271;1;6600004100000
Екатеринбург;"Россия/Свердловская область";620000;1;6600000100000
Ивдель;"Россия/Свердловская область";624445;1;6600000600000
Ирбит;"Россия/Свердловская область";623850;1;6600002900000
Каменск-Уральский;"Россия/Свердловская область";623400;1;6600002200000
Камышлов;"Россия/Свердловская область";624860;1;6600003000000
Карпинск;"Россия/Свердловская область";624930;1;6600000700000
Качканар;"Россия/Свердловская область";624350;1;6600000800000
Кировград;"Россия/Свердловская область";624140;1;6600000900000
Краснотурьинск;"Россия/Свердловская область";624440;1;6600001000000
Красноуральск;"Россия/Свердловская область";461348;1;6600001100000
Красноуфимск;"Россия/Свердловская область";623300;1;6600003100000
Кушва;"Россия/Свердловская область";624300;1;6600001200000
Лесной;"Россия/Свердловская область";140451;1;6600001300000
Михайловск;"Россия/Свердловская область";356240;1;6601700200000
Невьянск;"Россия/Свердловская область";624191;1;6600004300000
"Нижние Серги";"Россия/Свердловская область";623090;1;6601700100000
"Нижние Серги-3";"Россия/Свердловская область";623093;1;6601700000100
"Нижний Тагил";"Россия/Свердловская область";622000;1;6600002300000
"Нижняя Салда";"Россия/Свердловская область";624740;1;6600002700000
"Нижняя Тура";"Россия/Свердловская область";624220;1;6600001400000
"Новая Ляля";"Россия/Свердловская область";624400;1;6601800100000
Новоуральск;"Россия/Свердловская область";462232;1;6600001500000
Первоуральск;"Россия/Свердловская область";623100;1;6600001600000
Полевской;"Россия/Свердловская область";623380;1;6600001700000
Ревда;"Россия/Свердловская область";184580;1;6600001800000
Реж;"Россия/Свердловская область";623750;1;6602100100000
Североуральск;"Россия/Свердловская область";624480;1;6600002100000
Серов;"Россия/Свердловская область";624980;1;6600003400000
Среднеуральск;"Россия/Свердловская область";624070;1;6600003800000
"Сухой Лог";"Россия/Свердловская область";624800;1;6602400100000
Сысерть;"Россия/Свердловская область";624021;1;6602500100000
Тавда;"Россия/Свердловская область";623950;1;6600004200000
Талица;"Россия/Свердловская область";155456;1;6602800100000
Туринск;"Россия/Свердловская область";623900;1;6603000100000
Исилькуль;"Россия/Омская область";646020;1;5500700100000
Калачинск;"Россия/Омская область";646900;1;5500800100000
Называевск;"Россия/Омская область";646100;1;5501600100000
Омск;"Россия/Омская область";644000;1;5500000100000
Тара;"Россия/Омская область";646530;1;5502800100000
Тюкалинск;"Россия/Омская область";646330;1;5503000100000
Абдулино;"Россия/Оренбургская область";461740;1;5605500100000
Бугуруслан;"Россия/Оренбургская область";461630;1;5600000500000
Бузулук;"Россия/Оренбургская область";461040;1;5600000600000
Гай;"Россия/Оренбургская область";462631;1;5600000700000
Кувандык;"Россия/Оренбургская область";462240;1;5600000800000
Медногорск;"Россия/Оренбургская область";462271;1;5600000200000
Новотроицк;"Россия/Оренбургская область";462351;1;5600000300000
Оренбург;"Россия/Оренбургская область";460000;1;5600000100000
Орск;"Россия/Оренбургская область";462400;1;5600000400000
Соль-Илецк;"Россия/Оренбургская область";461500;1;5601500100000
Сорочинск;"Россия/Оренбургская область";461900;1;5600000900000
Ясный;"Россия/Оренбургская область";462781;1;5600001000000
Алатырь;Россия/Чувашия;429805;1;2100002200000
Канаш;Россия/Чувашия;422584;1;1601600002000
Козловка;Россия/Чувашия;216527;1;2100800100000
"Мариинский Посад";Россия/Чувашия;429570;1;2101200100000
Новочебоксарск;Россия/Чувашия;429950;1;2100002400000
Цивильск;Россия/Чувашия;429900;1;2101600100000
Чебоксары;Россия/Чувашия;428000;1;2100000100000
Шумерля;Россия/Чувашия;429120;1;2100002500000
Ядрин;Россия/Чувашия;429060;1;2102000100000
Ардатов;Россия/Мордовия;431860;1;1300200100000
Инсар;Россия/Мордовия;431430;1;1301000100000
Ковылкино;Россия/Мордовия;431350;1;1300000200000
Рузаевка;Россия/Мордовия;431440;1;1300000300000
Саранск;Россия/Мордовия;430000;1;1300000100000
Темников;Россия/Мордовия;431220;1;1302000100000
Апатиты;"Россия/Мурманская область";184200;1;5100000200000
Гаджиево;"Россия/Мурманская область";184670;1;5100001200000
Заозерск;"Россия/Мурманская область";184310;1;5100000300000
Заполярный;"Россия/Мурманская область";184430;1;5100500200000
Кандалакша;"Россия/Мурманская область";184012;1;5100100100000
Ковдор;"Россия/Мурманская область";184141;1;5100200100000
Кола;"Россия/Мурманская область";184380;1;5100300100000
Мончегорск;"Россия/Мурманская область";184505;1;5100000600000
Мурманск;"Россия/Мурманская область";183000;1;5100000100000
Оленегорск;"Россия/Мурманская область";184530;1;5100000700000
Оленегорск-1;"Россия/Мурманская область";184531;1;5100001500000
Оленегорск-2;"Россия/Мурманская область";184532;1;5100001600000
Островной;"Россия/Мурманская область";184640;1;5100000800000
"Полярные Зори";"Россия/Мурманская область";184230;1;5100000900000
Полярный;"Россия/Мурманская область";184650;1;5100001000000
Североморск;"Россия/Мурманская область";184601;1;5100001100000
Снежногорск;"Россия/Мурманская область";184682;1;5100001300000
Нарьян-Мар;"Россия/Ненецкий АО";166000;1;8300000100000
Арзамас;"Россия/Нижегородская область";607220;1;5200000400000
Балахна;"Россия/Нижегородская область";399221;1;5200400100000
Богородск;"Россия/Нижегородская область";168057;1;5200500100000
Бор;"Россия/Нижегородская область";606443;1;5200000500000
Ветлуга;"Россия/Нижегородская область";606860;1;5201300100000
Володарск;"Россия/Нижегородская область";606070;1;5201600100000
Ворсма;"Россия/Нижегородская область";606120;1;5203200200000
Выкса;"Россия/Нижегородская область";607060;1;5200000700000
Горбатов;"Россия/Нижегородская область";606125;1;5203200300000
Городец;"Россия/Нижегородская область";606504;1;5202000100000
Дзержинск;"Россия/Нижегородская область";606000;1;5200000200000
Заволжье;"Россия/Нижегородская область";606520;1;5202000200000
Княгинино;"Россия/Нижегородская область";606340;1;5202300100000
Кстово;"Россия/Нижегородская область";607650;1;5202700100000
Кулебаки;"Россия/Нижегородская область";607010;1;5200001000000
Лукоянов;"Россия/Нижегородская область";607800;1;5202900100000
Лысково;"Россия/Нижегородская область";606210;1;5203000100000
Навашино;"Россия/Нижегородская область";607100;1;5203100100000
"Нижний Новгород";"Россия/Нижегородская область";603000;1;5200000100000
Павлово;"Россия/Нижегородская область";606100;1;5203200100000
Первомайск;"Россия/Нижегородская область";431530;1;5200000800000
Перевоз;"Россия/Нижегородская область";607400;1;5203400100000
Саров;"Россия/Нижегородская область";607180;1;5200000300000
Семенов;"Россия/Нижегородская область";606650;1;5200000600000
Сергач;"Россия/Нижегородская область";607510;1;5203800100000
Урень;"Россия/Нижегородская область";606800;1;5204500100000
Чкаловск;"Россия/Нижегородская область";606540;1;5204600100000
Шахунья;"Россия/Нижегородская область";606910;1;5200000900000
Азов;"Россия/Ростовская область";346780;1;6100001300000
Аксай;"Россия/Ростовская область";346720;1;6100300100000
Батайск;"Россия/Ростовская область";346880;1;6100000300000
"Белая Калитва";"Россия/Ростовская область";347040;1;6100500100000
Волгодонск;"Россия/Ростовская область";346686;1;6100000400000
Гуково;"Россия/Ростовская область";346399;1;6100000500000
Донецк;"Россия/Ростовская область";346330;1;6100000600000
Зверево;"Россия/Ростовская область";346310;1;6100000700000
Зерноград;"Россия/Ростовская область";347740;1;6101300100000
Каменск-Шахтинский;"Россия/Ростовская область";347800;1;6100000800000
Константиновск;"Россия/Ростовская область";347250;1;6101800100000
"Красный Сулин";"Россия/Ростовская область";346350;1;6101900100000
Миллерово;"Россия/Ростовская область";346130;1;6102300100000
Морозовск;"Россия/Ростовская область";347210;1;6102500100000
Новочеркасск;"Россия/Ростовская область";346400;1;6100000900000
Новошахтинск;"Россия/Ростовская область";346900;1;6100001000000
Пролетарск;"Россия/Ростовская область";347540;1;6103200100000
Ростов-на-Дону;"Россия/Ростовская область";344000;1;6100000100000
Сальск;"Россия/Ростовская область";347630;1;6103500100000
Семикаракорск;"Россия/Ростовская область";346630;1;6103600100000
Таганрог;"Россия/Ростовская область";347900;1;6100001100000
Цимлянск;"Россия/Ростовская область";347320;1;6104200100000
Шахты;"Россия/Ростовская область";346500;1;6100001200000
Гаврилов-Ям;"Россия/Ярославская область";152240;1;7600500100000
Данилов;"Россия/Ярославская область";152070;1;7600600100000
Любим;"Россия/Ярославская область";152470;1;7600700100000
Мышкин;"Россия/Ярославская область";152830;1;7600800100000
Переславль-Залесский;"Россия/Ярославская область";152020;1;7600000200000
Пошехонье;"Россия/Ярославская область";152850;1;7601300100000
Ростов;"Россия/Ярославская область";152150;1;7601400100000
Рыбинск;"Россия/Ярославская область";152900;1;7601500100000
Тутаев;"Россия/Ярославская область";152300;1;7601600100000
Углич;"Россия/Ярославская область";152610;1;7601700100000
Ярославль;"Россия/Ярославская область";150000;1;7600000100000
Алупка;Россия/Крым;298600;1;9100000800100
Алушта;Россия/Крым;298500;1;9100001100000
Армянск;Россия/Крым;296012;1;9100000200000
Бахчисарай;Россия/Крым;298400;1;9100100100000
Джанкой;Россия/Крым;296100;1;9100000600000
Евпатория;Россия/Крым;297402;1;9100000900000
Керчь;Россия/Крым;298233;1;9100000100000
Красноперекопск;Россия/Крым;296000;1;9100000400000
Саки;Россия/Крым;296500;1;9100000300000
Симферополь;Россия/Крым;295000;1;9100000700000
"Старый Крым";Россия/Крым;297345;1;9100400100000
Судак;Россия/Крым;298000;1;9100000500000
Феодосия;Россия/Крым;297183;1;9100001000000
Щелкино;Россия/Крым;298213;1;9100700100000
Ялта;Россия/Крым;298600;1;9100000800000
Зеленоград;Россия/Москва;124489;1;7700000200000
Московский;Россия/Москва;142784;1;7701100100051
Троицк;Россия/Москва;142190;1;7700000500000
Щербинка;Россия/Москва;142170;1;7700000300000
Колпино;Россия/Санкт-Петербург;196650;1;7800000300000
"Красное Село";Россия/Санкт-Петербург;198301;1;7800000400000
Кронштадт;Россия/Санкт-Петербург;197760;1;7800000500000
Ломоносов;Россия/Санкт-Петербург;198411;1;7800000600000
Петергоф;Россия/Санкт-Петербург;198504;1;7800000800000
Пушкин;Россия/Санкт-Петербург;196601;1;7800000900000
Сестрорецк;Россия/Санкт-Петербург;197701;1;7800001000000
